{
    "precision": 0.21625491216922332,
    "recall": 0.27320041784900345,
    "map50": 0.19538501600459368,
    "map95": 0.0785233903384,
    "speed": {
        "preprocess": 0.21313634091380992,
        "inference": 319.4736467954416,
        "loss": 6.061364646567116e-05,
        "postprocess": 4.312413818173478
    }
}