{
    "precision": 0.17916463958462414,
    "recall": 0.24495240564065293,
    "map50": 0.15646524434073342,
    "map95": 0.06139040019070286,
    "speed": {
        "preprocess": 0.22135134089363748,
        "inference": 62.70999906816789,
        "loss": 6.438639585129832e-05,
        "postprocess": 6.448962136387722
    }
}